model,accuracy,log_loss,brier
xgboost,0.6133333333333333,0.8587336720215125,0.5036938249602181
baseline: class priors,0.47982456140350876,1.049176524586401,0.6325491735301871
baseline: majority class,0.47982456140350876,17.966223159808795,1.040350877192982
