model,accuracy,log_loss,brier
xgboost,0.6135054964229628,0.8590782883074559,0.5039826471198532
baseline: class priors,0.4798464491362764,1.0492719323958621,0.6325960361554145
baseline: majority class,0.4798464491362764,17.96546718430096,1.0403071017274468
