model,accuracy,log_loss,brier
xgboost,0.6101070363221618,0.8640750115751616,0.5069296026773262
baseline: class priors,0.4797332865414985,1.0492316978952083,0.6325886340970477
baseline: majority class,0.4797332865414985,17.96937568185826,1.040533426917004
