model,accuracy,log_loss,brier
xgboost,0.6126205083260298,0.859073517226739,0.5039530601887313
baseline: class priors,0.47975460122699387,1.049280709024424,0.6326115097845281
baseline: majority class,0.47975460122699387,17.968639498702,1.0404907975460118
